anio,cultivo,precio_kg_anual_promedio_cop
2023,Arroz,2627.754716981132
2023,Cacao,9598.11320754717
2023,Cafe,12010.433962264151
2023,Maiz,1875.245283018868
2023,Platano,1587.5849056603774
2024,Arroz,2765.173076923077
2024,Cacao,9805.307692307691
2024,Cafe,12267.173076923076
2024,Maiz,2058.5
2024,Platano,1774.1153846153845
2025,Arroz,2936.846153846154
2025,Cacao,9886.557692307691
2025,Cafe,12509.576923076924
2025,Maiz,2252.269230769231
2025,Platano,1965.8653846153845
